{
  "tasks": [
    {
      "title": "terceira tarefa editado 3",
      "completed": true,
      "createdAt": 1606759955202,
      "updatedAt": 1607334653452,
      "userId": "2",
      "id": 4
    },
    {
      "title": "nova tarefa editado",
      "completed": true,
      "createdAt": 1606762538161,
      "updatedAt": 1607351849250,
      "id": 5,
      "userId": "2"
    },
    {
      "title": "teste 4",
      "completed": false,
      "createdAt": 1629097594111,
      "updatedAt": null,
      "id": 6,
      "userId": "2"
    },
    {
      "title": "asdasd",
      "completed": false,
      "createdAt": 1629097687710,
      "updatedAt": null,
      "id": 7,
      "userId": "2"
    },
    {
      "title": "asdasdasdasdasd",
      "completed": false,
      "createdAt": 1629097746788,
      "updatedAt": null,
      "id": 8,
      "userId": "2"
    },
    {
      "title": "asdasfsdfd sdfsd",
      "completed": false,
      "createdAt": 1629097771279,
      "updatedAt": null,
      "id": 9,
      "userId": "2"
    }
  ],
  "users": [
    {
      "id": 1,
      "email": "daniel@server.com"
    },
    {
      "id": 2,
      "email": "maria@server.com"
    },
    {
      "id": 3,
      "email": "joao@server.com"
    }
  ]
}